Villes,Alma,Amos,Amqui,Baie-Comeau,Beauce,Beloeil,Boucherville,Candiac,Caraquet,Chambly,Chandler,Chibougamau,Châteauguay,Chénéville,Coaticook,Coteau-du-Lac,Cowansville,Dolbeau-Mistassini,Drummondville,Gaspé,Gatineau,Granby,Joliette,Jonquière,Kirkland,La Tuque,Lac-Beauport,Lac-Etchemin,Lanaudière,Laval,Limoilou,Longueuil,Lévis,Magog,Matane,Montréal,New Richmond,Pays-d’en-Haut,Plessisville,Québec,Repentigny,Rimouski,Rivière-du-loup,Rivière-du-loup; Carleton-sur-Mer,Roberval,Rouyn-Noranda,Saguenay,Saint-Bruno-de-Montarville,Saint-Eustache,Saint-Georges,Saint-Hyacinthe,Saint-Jacques-le-Mineur,Saint-Jean-sur-Richelieu,Saint-Jérôme,Saint-Lambert,Saint-Lin-Laurentides,Saint-Pascal,Saint-Sauveur,Sainte-Julienne,Sainte-Marie de Beauce,Sainte-Thérèse,Salaberry-de-Valleyfield,Sept-Îles,Shawinigan,Sherbrooke,Sorel-Tracy,Suroît,Thetford Mines,Toronto,Trois-Pistoles,Trois-Rivières,Val-d’Or,Victoriaville,en ligne,hors Québec
Acton Vale,0.0,0.0,0.0,0.0,0.0,20.0,82.0,0.0,0.0,3.0,0.0,0.0,0.0,0.0,4.0,0.0,27.0,0.0,490.0,0.0,127.0,2060.0,0.0,0.0,0.0,0.0,0.0,0.0,0.0,10.0,0.0,23.0,0.0,0.0,0.0,631.0,0.0,23.0,0.0,289.0,0.0,0.0,3.0,0.0,0.0,0.0,5.0,0.0,0.0,0.0,9.0,4.0,1.0,0.0,0.0,0.0,0.0,0.0,0.0,0.0,0.0,2.0,0.0,1.0,186.0,35.0,0.0,18.0,0.0,0.0,111.0,0.0,24.0,198.0,13.0
Alma,654.0,0.0,0.0,1.0,1.0,0.0,0.0,0.0,0.0,2.0,0.0,1.0,0.0,0.0,0.0,0.0,0.0,6.0,0.0,0.0,14.0,5.0,0.0,33.0,0.0,5.0,0.0,0.0,0.0,0.0,0.0,0.0,8.0,1.0,2.0,1499.0,0.0,0.0,0.0,304.0,0.0,0.0,0.0,0.0,17.0,0.0,1680.0,0.0,0.0,6.0,0.0,0.0,0.0,0.0,0.0,0.0,1.0,0.0,0.0,0.0,0.0,0.0,0.0,0.0,8.0,3.0,0.0,1.0,2.0,0.0,5.0,0.0,42.0,88.0,396.0
Amos,0.0,167.0,0.0,3.0,0.0,0.0,0.0,1.0,0.0,0.0,0.0,20.0,0.0,0.0,5.0,0.0,0.0,0.0,0.0,0.0,170.0,8.0,6.0,0.0,0.0,0.0,1.0,0.0,0.0,2.0,0.0,0.0,14.0,3.0,1.0,3354.0,0.0,0.0,3.0,192.0,1.0,5.0,0.0,0.0,0.0,49.0,10.0,0.0,0.0,0.0,0.0,0.0,0.0,0.0,0.0,12.0,0.0,0.0,0.0,0.0,0.0,9.0,0.0,4.0,14.0,0.0,0.0,0.0,8.0,0.0,26.0,290.0,3.0,217.0,290.0
Amqui,0.0,0.0,847.0,1.0,0.0,0.0,0.0,0.0,0.0,0.0,0.0,0.0,0.0,0.0,0.0,0.0,0.0,0.0,0.0,2.0,10.0,4.0,0.0,0.0,0.0,0.0,0.0,0.0,0.0,1.0,0.0,1.0,0.0,0.0,403.0,1947.0,2.0,0.0,0.0,384.0,0.0,112.0,30.0,125.0,0.0,0.0,1.0,0.0,0.0,5.0,0.0,0.0,0.0,1.0,0.0,0.0,3.0,0.0,0.0,0.0,0.0,0.0,0.0,0.0,9.0,0.0,0.0,0.0,0.0,8.0,21.0,0.0,0.0,466.0,2.0
Baie-Comeau,1.0,0.0,2.0,1829.0,1.0,2.0,1.0,0.0,4.0,0.0,0.0,0.0,0.0,0.0,0.0,0.0,0.0,0.0,4.0,0.0,11.0,4.0,0.0,3.0,5.0,0.0,5.0,1.0,0.0,5.0,0.0,0.0,43.0,1.0,49.0,1904.0,0.0,0.0,2.0,632.0,0.0,12.0,4.0,6.0,1.0,0.0,27.0,0.0,0.0,7.0,0.0,0.0,0.0,0.0,0.0,0.0,0.0,0.0,0.0,0.0,0.0,0.0,232.0,0.0,24.0,0.0,0.0,0.0,0.0,0.0,7.0,0.0,6.0,168.0,12.0
Baie-Saint-Paul,0.0,0.0,0.0,23.0,0.0,0.0,0.0,0.0,3.0,3.0,0.0,0.0,0.0,0.0,0.0,0.0,2.0,0.0,0.0,3.0,26.0,24.0,0.0,6.0,0.0,0.0,19.0,0.0,0.0,12.0,0.0,0.0,0.0,0.0,96.0,1735.0,0.0,2.0,0.0,1074.0,0.0,5.0,0.0,968.0,0.0,0.0,179.0,0.0,0.0,0.0,0.0,0.0,0.0,7.0,0.0,0.0,0.0,0.0,0.0,0.0,0.0,2.0,3.0,0.0,28.0,3.0,8.0,0.0,8.0,0.0,35.0,0.0,1.0,215.0,159.0
Beauceville,0.0,0.0,0.0,0.0,1293.0,0.0,0.0,2.0,0.0,0.0,0.0,0.0,0.0,0.0,0.0,0.0,0.0,0.0,4.0,0.0,35.0,8.0,0.0,0.0,0.0,0.0,6.0,78.0,0.0,1.0,0.0,0.0,22.0,0.0,1.0,886.0,0.0,0.0,4.0,660.0,0.0,0.0,6.0,3.0,0.0,0.0,1.0,0.0,0.0,1222.0,0.0,2.0,0.0,0.0,0.0,0.0,0.0,0.0,0.0,360.0,0.0,0.0,0.0,0.0,10.0,0.0,0.0,11.0,0.0,0.0,9.0,0.0,0.0,76.0,12.0
Blainville,10.0,0.0,0.0,1.0,0.0,0.0,4.0,3.0,2.0,0.0,0.0,0.0,0.0,0.0,0.0,1.0,0.0,0.0,10.0,0.0,29.0,3.0,0.0,0.0,0.0,9.0,0.0,0.0,0.0,27.0,0.0,1.0,0.0,0.0,0.0,1680.0,0.0,106.0,0.0,208.0,0.0,6.0,0.0,2.0,0.0,2.0,3.0,0.0,161.0,0.0,0.0,0.0,0.0,25.0,0.0,0.0,0.0,23.0,7.0,0.0,1654.0,0.0,0.0,0.0,20.0,2.0,0.0,0.0,0.0,0.0,23.0,3.0,31.0,107.0,456.0
Blanc-Sablon,0.0,0.0,0.0,175.0,0.0,0.0,0.0,0.0,1.0,0.0,0.0,1.0,0.0,0.0,0.0,0.0,0.0,0.0,2.0,0.0,63.0,3.0,0.0,0.0,0.0,0.0,0.0,0.0,0.0,1.0,0.0,0.0,0.0,0.0,0.0,2095.0,0.0,0.0,0.0,761.0,0.0,0.0,1.0,0.0,0.0,0.0,11.0,0.0,8.0,0.0,0.0,0.0,0.0,0.0,0.0,0.0,0.0,0.0,0.0,0.0,13.0,0.0,536.0,0.0,24.0,0.0,0.0,0.0,0.0,0.0,10.0,0.0,6.0,52.0,290.0
Boischatel,0.0,0.0,0.0,0.0,7.0,1.0,0.0,0.0,0.0,0.0,0.0,0.0,0.0,0.0,0.0,0.0,0.0,0.0,1.0,1.0,49.0,2.0,0.0,0.0,0.0,0.0,0.0,0.0,0.0,10.0,35.0,0.0,0.0,0.0,0.0,622.0,0.0,0.0,0.0,2089.0,0.0,0.0,0.0,2.0,0.0,0.0,14.0,0.0,0.0,0.0,0.0,0.0,3.0,0.0,0.0,0.0,0.0,1.0,0.0,0.0,0.0,0.0,0.0,0.0,25.0,0.0,0.0,0.0,0.0,0.0,6.0,0.0,3.0,411.0,4.0
Bécancour,0.0,0.0,0.0,0.0,1.0,0.0,0.0,0.0,0.0,1.0,0.0,0.0,0.0,0.0,0.0,0.0,0.0,0.0,13.0,0.0,15.0,70.0,3.0,3.0,0.0,6.0,14.0,0.0,0.0,0.0,0.0,4.0,1.0,0.0,0.0,1487.0,0.0,0.0,0.0,182.0,0.0,3.0,1.0,0.0,0.0,0.0,8.0,0.0,2.0,0.0,0.0,0.0,1.0,0.0,0.0,0.0,0.0,0.0,0.0,0.0,0.0,0.0,0.0,15.0,17.0,104.0,0.0,75.0,0.0,0.0,2598.0,0.0,155.0,116.0,5.0
Carleton-sur-Mer,0.0,0.0,6.0,0.0,0.0,0.0,0.0,0.0,7.0,0.0,0.0,3.0,0.0,0.0,0.0,0.0,0.0,0.0,0.0,50.0,56.0,19.0,0.0,0.0,2.0,0.0,0.0,0.0,0.0,11.0,0.0,0.0,0.0,0.0,15.0,2677.0,4.0,0.0,0.0,905.0,0.0,33.0,2.0,442.0,0.0,0.0,1.0,0.0,0.0,0.0,0.0,0.0,0.0,0.0,0.0,0.0,0.0,0.0,0.0,0.0,0.0,1.0,0.0,0.0,60.0,0.0,0.0,0.0,2.0,0.0,29.0,0.0,0.0,200.0,14.0
Chambly,0.0,0.0,0.0,0.0,151.0,56.0,33.0,9.0,1.0,2557.0,0.0,0.0,0.0,0.0,0.0,0.0,0.0,0.0,0.0,0.0,2.0,19.0,0.0,0.0,0.0,4.0,0.0,0.0,0.0,41.0,0.0,67.0,0.0,4.0,0.0,511.0,0.0,0.0,6.0,41.0,0.0,0.0,212.0,0.0,0.0,1.0,3.0,4.0,0.0,21.0,0.0,12.0,30.0,0.0,0.0,5.0,0.0,0.0,0.0,0.0,2.0,0.0,0.0,8.0,5.0,11.0,0.0,0.0,0.0,0.0,2.0,1.0,5.0,146.0,828.0
Chandler,0.0,0.0,0.0,0.0,0.0,0.0,0.0,0.0,0.0,0.0,4.0,0.0,0.0,0.0,0.0,0.0,0.0,0.0,0.0,66.0,24.0,6.0,0.0,0.0,0.0,0.0,5.0,0.0,0.0,0.0,0.0,0.0,0.0,0.0,10.0,1947.0,0.0,0.0,0.0,1394.0,0.0,17.0,0.0,442.0,0.0,0.0,1.0,0.0,1.0,0.0,0.0,0.0,0.0,3.0,0.0,0.0,0.0,0.0,0.0,0.0,0.0,0.0,0.0,0.0,48.0,0.0,0.0,0.0,1.0,0.0,20.0,0.0,0.0,127.0,350.0
Chibougamau,37.0,6.0,0.0,1.0,1.0,0.0,4.0,6.0,0.0,0.0,0.0,747.0,0.0,0.0,0.0,0.0,0.0,51.0,5.0,0.0,16.0,15.0,1.0,24.0,2.0,9.0,2.0,0.0,0.0,0.0,0.0,0.0,0.0,0.0,0.0,2345.0,0.0,0.0,3.0,341.0,0.0,0.0,9.0,3.0,18.0,4.0,484.0,0.0,1.0,5.0,0.0,0.0,0.0,0.0,3.0,0.0,1.0,0.0,0.0,0.0,0.0,0.0,2.0,0.0,36.0,0.0,0.0,0.0,0.0,0.0,12.0,24.0,3.0,62.0,7.0
Chisasibi,0.0,25.0,0.0,0.0,0.0,0.0,0.0,0.0,0.0,0.0,0.0,155.0,0.0,0.0,0.0,0.0,0.0,0.0,0.0,0.0,17.0,19.0,0.0,16.0,0.0,0.0,0.0,0.0,0.0,0.0,0.0,1.0,0.0,0.0,41.0,2497.0,0.0,0.0,0.0,116.0,0.0,0.0,0.0,0.0,0.0,1.0,87.0,0.0,0.0,0.0,0.0,0.0,0.0,0.0,0.0,0.0,0.0,0.0,0.0,0.0,0.0,0.0,0.0,0.0,0.0,0.0,0.0,0.0,0.0,0.0,14.0,3.0,45.0,1.0,14.0
Châteauguay,0.0,0.0,0.0,0.0,0.0,0.0,39.0,196.0,0.0,4.0,0.0,0.0,2109.0,0.0,0.0,3.0,0.0,0.0,10.0,0.0,3.0,5.0,3.0,0.0,0.0,0.0,0.0,2.0,0.0,2.0,0.0,105.0,2.0,2.0,0.0,1365.0,0.0,0.0,1.0,149.0,0.0,8.0,0.0,1.0,0.0,0.0,13.0,0.0,1.0,0.0,1.0,102.0,2.0,0.0,1.0,0.0,0.0,0.0,0.0,0.0,9.0,108.0,0.0,0.0,15.0,0.0,297.0,0.0,0.0,0.0,3.0,1.0,0.0,143.0,3.0
Coaticook,0.0,0.0,0.0,0.0,2.0,0.0,0.0,1.0,0.0,0.0,0.0,0.0,0.0,0.0,2014.0,0.0,7.0,0.0,15.0,0.0,5.0,128.0,0.0,0.0,0.0,6.0,0.0,0.0,0.0,0.0,0.0,6.0,0.0,50.0,0.0,781.0,0.0,0.0,0.0,57.0,0.0,1.0,0.0,0.0,0.0,0.0,1.0,0.0,1.0,1.0,0.0,14.0,0.0,0.0,0.0,0.0,0.0,2.0,0.0,0.0,0.0,0.0,0.0,0.0,1513.0,2.0,0.0,6.0,0.0,0.0,3.0,0.0,2.0,30.0,0.0
Cookshire-Eaton,0.0,0.0,0.0,0.0,0.0,0.0,0.0,0.0,0.0,0.0,0.0,0.0,0.0,0.0,6.0,0.0,0.0,0.0,0.0,0.0,10.0,13.0,0.0,0.0,0.0,0.0,0.0,0.0,0.0,0.0,0.0,26.0,0.0,13.0,0.0,934.0,0.0,0.0,0.0,201.0,0.0,0.0,0.0,0.0,0.0,0.0,11.0,0.0,0.0,0.0,0.0,0.0,0.0,0.0,1.0,0.0,0.0,0.0,0.0,0.0,0.0,0.0,0.0,0.0,2742.0,0.0,0.0,2.0,0.0,0.0,12.0,0.0,11.0,24.0,4.0
Cowansville,0.0,0.0,0.0,0.0,0.0,0.0,0.0,0.0,0.0,0.0,0.0,0.0,0.0,0.0,1.0,0.0,1494.0,0.0,3.0,0.0,41.0,2192.0,0.0,0.0,0.0,0.0,0.0,0.0,1.0,1.0,0.0,9.0,0.0,32.0,0.0,426.0,0.0,0.0,0.0,140.0,0.0,0.0,0.0,0.0,0.0,0.0,3.0,0.0,3.0,0.0,0.0,0.0,0.0,1.0,0.0,0.0,0.0,0.0,0.0,0.0,0.0,0.0,0.0,0.0,145.0,7.0,0.0,0.0,0.0,0.0,14.0,0.0,2.0,183.0,2.0
Dolbeau-Mistassini,80.0,0.0,0.0,9.0,0.0,0.0,0.0,0.0,0.0,0.0,0.0,0.0,0.0,0.0,5.0,0.0,0.0,786.0,0.0,0.0,17.0,4.0,0.0,43.0,0.0,0.0,0.0,0.0,0.0,0.0,0.0,1.0,0.0,0.0,0.0,1319.0,0.0,0.0,0.0,168.0,0.0,0.0,0.0,0.0,54.0,0.0,1727.0,0.0,0.0,0.0,0.0,0.0,0.0,0.0,0.0,0.0,0.0,0.0,0.0,0.0,0.0,0.0,0.0,0.0,19.0,10.0,0.0,0.0,0.0,0.0,40.0,0.0,0.0,273.0,1.0
Drummondville,0.0,0.0,0.0,0.0,4.0,0.0,1.0,0.0,0.0,0.0,0.0,0.0,0.0,0.0,0.0,0.0,0.0,0.0,2544.0,0.0,13.0,24.0,1.0,0.0,0.0,7.0,2.0,0.0,0.0,2.0,0.0,1.0,9.0,2.0,1.0,1504.0,0.0,0.0,0.0,130.0,0.0,3.0,0.0,0.0,0.0,0.0,6.0,0.0,3.0,5.0,0.0,0.0,0.0,1.0,0.0,0.0,0.0,0.0,0.0,0.0,2.0,0.0,0.0,3.0,116.0,12.0,0.0,3.0,0.0,0.0,160.0,0.0,118.0,147.0,63.0
Fermont,0.0,0.0,0.0,298.0,0.0,0.0,0.0,2.0,0.0,1.0,0.0,0.0,0.0,0.0,47.0,0.0,0.0,2.0,5.0,0.0,42.0,14.0,0.0,3.0,0.0,7.0,0.0,0.0,0.0,1.0,20.0,0.0,0.0,0.0,0.0,2325.0,0.0,0.0,0.0,615.0,0.0,6.0,4.0,2.0,0.0,0.0,23.0,0.0,0.0,6.0,0.0,0.0,0.0,0.0,0.0,0.0,2.0,0.0,0.0,0.0,0.0,0.0,445.0,0.0,47.0,0.0,0.0,0.0,0.0,0.0,11.0,0.0,17.0,140.0,73.0
Forestville,0.0,0.0,4.0,687.0,0.0,0.0,0.0,0.0,2.0,0.0,0.0,0.0,0.0,0.0,0.0,0.0,0.0,0.0,0.0,0.0,6.0,14.0,0.0,5.0,0.0,0.0,0.0,10.0,0.0,0.0,0.0,0.0,0.0,0.0,42.0,1751.0,0.0,0.0,0.0,427.0,0.0,69.0,13.0,1.0,0.0,0.0,8.0,0.0,0.0,0.0,0.0,0.0,0.0,0.0,0.0,0.0,0.0,0.0,0.0,0.0,0.0,7.0,275.0,0.0,21.0,0.0,0.0,0.0,0.0,1.0,6.0,0.0,0.0,207.0,24.0
Gaspé,0.0,0.0,22.0,11.0,5.0,0.0,3.0,0.0,6.0,0.0,0.0,5.0,3.0,0.0,0.0,0.0,1.0,0.0,5.0,431.0,31.0,17.0,4.0,1.0,0.0,0.0,1.0,1.0,0.0,4.0,0.0,5.0,18.0,0.0,240.0,2446.0,0.0,1.0,0.0,1133.0,0.0,83.0,13.0,355.0,0.0,1.0,13.0,0.0,0.0,2.0,0.0,0.0,0.0,7.0,6.0,0.0,5.0,0.0,0.0,8.0,0.0,0.0,8.0,0.0,37.0,0.0,0.0,0.0,1.0,9.0,14.0,0.0,1.0,52.0,12.0
Gatineau,0.0,0.0,0.0,0.0,0.0,0.0,1.0,0.0,0.0,0.0,0.0,0.0,0.0,0.0,0.0,0.0,0.0,0.0,5.0,0.0,2464.0,8.0,5.0,0.0,0.0,0.0,3.0,0.0,0.0,3.0,0.0,0.0,4.0,0.0,0.0,2189.0,0.0,1.0,6.0,98.0,0.0,0.0,1.0,1.0,0.0,2.0,5.0,0.0,0.0,5.0,0.0,1.0,0.0,0.0,0.0,1.0,0.0,0.0,0.0,0.0,0.0,0.0,0.0,0.0,11.0,1.0,0.0,0.0,1.0,0.0,4.0,1.0,2.0,69.0,52.0
Granby,0.0,0.0,0.0,0.0,1.0,0.0,0.0,1.0,1.0,1.0,0.0,0.0,1.0,0.0,4.0,0.0,67.0,0.0,7.0,0.0,28.0,3431.0,1.0,0.0,0.0,0.0,3.0,0.0,1.0,0.0,0.0,1.0,1.0,8.0,0.0,1016.0,0.0,0.0,0.0,153.0,0.0,0.0,0.0,0.0,0.0,0.0,2.0,0.0,0.0,3.0,0.0,0.0,2.0,0.0,0.0,0.0,0.0,0.0,0.0,0.0,0.0,0.0,0.0,0.0,203.0,7.0,0.0,0.0,0.0,1.0,19.0,0.0,8.0,122.0,0.0
Havre-Saint-Pierre,0.0,0.0,0.0,203.0,65.0,0.0,0.0,0.0,0.0,0.0,0.0,1.0,0.0,0.0,0.0,0.0,0.0,0.0,0.0,0.0,5.0,43.0,15.0,5.0,0.0,0.0,0.0,0.0,1.0,19.0,0.0,0.0,0.0,0.0,9.0,1636.0,0.0,0.0,0.0,615.0,1.0,14.0,2.0,4.0,0.0,0.0,66.0,0.0,1.0,2.0,0.0,0.0,3.0,5.0,0.0,10.0,0.0,0.0,8.0,0.0,4.0,1.0,480.0,0.0,10.0,8.0,1.0,0.0,0.0,0.0,16.0,0.0,0.0,148.0,1010.0
Joliette,0.0,0.0,0.0,0.0,74.0,2.0,0.0,3.0,0.0,1.0,0.0,0.0,0.0,0.0,0.0,0.0,0.0,0.0,2.0,0.0,6.0,15.0,1874.0,0.0,0.0,0.0,11.0,0.0,285.0,9.0,0.0,3.0,0.0,0.0,1.0,1605.0,0.0,5.0,0.0,109.0,53.0,0.0,83.0,1.0,1.0,2.0,4.0,0.0,5.0,536.0,0.0,0.0,0.0,0.0,0.0,28.0,0.0,2.0,24.0,0.0,1.0,0.0,1.0,0.0,12.0,0.0,0.0,0.0,0.0,0.0,37.0,4.0,7.0,149.0,55.0
Kuujjuaq,0.0,0.0,0.0,1.0,0.0,0.0,0.0,0.0,0.0,0.0,0.0,1.0,0.0,0.0,0.0,0.0,0.0,3.0,1.0,0.0,5.0,49.0,0.0,0.0,0.0,11.0,0.0,0.0,0.0,24.0,5.0,2.0,0.0,0.0,12.0,3084.0,0.0,3.0,0.0,165.0,0.0,0.0,2.0,0.0,2.0,0.0,30.0,0.0,3.0,10.0,0.0,0.0,0.0,0.0,0.0,0.0,0.0,0.0,0.0,0.0,0.0,0.0,36.0,0.0,87.0,0.0,0.0,0.0,0.0,0.0,23.0,0.0,21.0,7.0,19.0
L'Islet,0.0,0.0,0.0,2.0,74.0,0.0,0.0,0.0,0.0,1.0,0.0,0.0,0.0,0.0,0.0,0.0,0.0,0.0,0.0,1.0,6.0,3.0,0.0,0.0,0.0,1.0,0.0,154.0,0.0,0.0,0.0,2.0,277.0,0.0,0.0,1600.0,0.0,0.0,0.0,625.0,0.0,4.0,357.0,462.0,0.0,0.0,7.0,0.0,0.0,139.0,0.0,0.0,0.0,0.0,0.0,0.0,451.0,0.0,0.0,46.0,0.0,0.0,0.0,0.0,18.0,1.0,0.0,15.0,0.0,0.0,21.0,0.0,0.0,211.0,111.0
La Malbaie,0.0,0.0,0.0,102.0,0.0,0.0,6.0,0.0,0.0,0.0,0.0,0.0,0.0,0.0,0.0,0.0,0.0,0.0,0.0,30.0,8.0,8.0,0.0,0.0,0.0,1.0,1.0,1.0,0.0,1.0,0.0,2.0,9.0,0.0,12.0,1724.0,0.0,0.0,0.0,1128.0,0.0,2.0,13.0,566.0,0.0,0.0,29.0,0.0,0.0,0.0,0.0,0.0,0.0,0.0,0.0,0.0,2.0,0.0,0.0,0.0,0.0,0.0,4.0,0.0,12.0,0.0,1.0,1.0,0.0,0.0,20.0,0.0,1.0,448.0,114.0
La Pocatière,2.0,0.0,0.0,2.0,5.0,0.0,0.0,0.0,1.0,0.0,0.0,3.0,2.0,0.0,0.0,0.0,0.0,0.0,2.0,2.0,12.0,3.0,2.0,0.0,0.0,0.0,0.0,5.0,0.0,0.0,6.0,7.0,11.0,0.0,17.0,1992.0,0.0,0.0,0.0,621.0,0.0,50.0,273.0,939.0,0.0,0.0,31.0,0.0,0.0,5.0,0.0,4.0,0.0,0.0,5.0,0.0,508.0,0.0,0.0,0.0,0.0,1.0,0.0,0.0,7.0,9.0,0.0,5.0,2.0,15.0,6.0,0.0,7.0,40.0,10.0
La Sarre,0.0,18.0,0.0,0.0,0.0,0.0,0.0,0.0,0.0,0.0,0.0,2.0,0.0,0.0,1.0,0.0,0.0,0.0,0.0,0.0,39.0,17.0,0.0,0.0,2.0,0.0,0.0,0.0,0.0,0.0,0.0,5.0,0.0,0.0,0.0,2179.0,0.0,0.0,0.0,147.0,0.0,1.0,0.0,0.0,0.0,341.0,28.0,0.0,0.0,0.0,0.0,0.0,0.0,0.0,0.0,0.0,0.0,0.0,0.0,0.0,0.0,0.0,0.0,0.0,36.0,0.0,0.0,0.0,0.0,0.0,54.0,157.0,0.0,268.0,1164.0
La Tuque,0.0,0.0,0.0,0.0,0.0,0.0,0.0,0.0,0.0,0.0,0.0,0.0,0.0,0.0,0.0,0.0,0.0,1.0,1.0,0.0,27.0,26.0,0.0,0.0,1.0,1944.0,0.0,0.0,0.0,0.0,0.0,0.0,0.0,1.0,0.0,908.0,0.0,0.0,0.0,147.0,0.0,1.0,0.0,1.0,2.0,0.0,9.0,0.0,1.0,0.0,0.0,0.0,0.0,0.0,0.0,0.0,0.0,0.0,0.0,0.0,0.0,0.0,0.0,37.0,21.0,1.0,0.0,0.0,0.0,0.0,1687.0,0.0,18.0,30.0,32.0
Lac-Etchemin,0.0,0.0,0.0,0.0,509.0,0.0,0.0,0.0,0.0,0.0,0.0,0.0,0.0,0.0,0.0,0.0,0.0,0.0,0.0,0.0,28.0,6.0,0.0,0.0,0.0,0.0,0.0,2141.0,0.0,0.0,2.0,0.0,147.0,0.0,0.0,618.0,0.0,0.0,2.0,517.0,0.0,0.0,1.0,0.0,0.0,0.0,6.0,0.0,0.0,218.0,0.0,0.0,0.0,0.0,0.0,0.0,0.0,0.0,0.0,73.0,0.0,0.0,0.0,0.0,76.0,0.0,0.0,11.0,0.0,0.0,18.0,0.0,0.0,105.0,7.0
Lac-Mégantic,0.0,0.0,0.0,0.0,38.0,0.0,7.0,0.0,0.0,5.0,0.0,3.0,0.0,0.0,6.0,0.0,27.0,0.0,0.0,0.0,22.0,82.0,2.0,0.0,0.0,3.0,0.0,9.0,0.0,0.0,0.0,0.0,5.0,34.0,0.0,1776.0,0.0,0.0,0.0,280.0,0.0,2.0,0.0,0.0,1.0,0.0,3.0,3.0,2.0,75.0,0.0,1.0,0.0,0.0,0.0,0.0,2.0,0.0,0.0,30.0,0.0,2.0,0.0,5.0,1653.0,0.0,0.0,73.0,0.0,0.0,11.0,0.0,118.0,233.0,8.0
Lachute,0.0,0.0,4.0,2.0,0.0,0.0,0.0,0.0,5.0,0.0,0.0,0.0,0.0,0.0,0.0,0.0,0.0,20.0,4.0,0.0,77.0,8.0,0.0,0.0,1.0,1.0,2.0,0.0,0.0,16.0,0.0,0.0,14.0,2.0,0.0,1449.0,0.0,45.0,0.0,353.0,0.0,3.0,3.0,0.0,11.0,0.0,71.0,0.0,98.0,0.0,0.0,0.0,0.0,35.0,0.0,2.0,0.0,8.0,0.0,0.0,157.0,0.0,3.0,0.0,18.0,0.0,0.0,0.0,13.0,2.0,10.0,0.0,1.0,68.0,2364.0
Laval,0.0,1.0,0.0,3.0,25.0,0.0,3.0,0.0,0.0,1.0,0.0,1.0,0.0,0.0,0.0,1.0,2.0,0.0,7.0,1.0,18.0,15.0,4.0,1.0,0.0,0.0,5.0,1.0,8.0,1052.0,2.0,9.0,10.0,1.0,2.0,2479.0,0.0,7.0,6.0,510.0,0.0,4.0,13.0,8.0,1.0,0.0,8.0,0.0,7.0,11.0,0.0,0.0,0.0,1.0,0.0,0.0,0.0,1.0,2.0,1.0,14.0,0.0,4.0,0.0,12.0,6.0,0.0,3.0,4.0,1.0,12.0,0.0,8.0,72.0,626.0
Lavaltrie,5.0,0.0,0.0,0.0,0.0,0.0,3.0,3.0,0.0,0.0,0.0,0.0,0.0,0.0,0.0,0.0,0.0,0.0,5.0,0.0,9.0,1.0,1232.0,0.0,0.0,0.0,13.0,0.0,243.0,16.0,0.0,13.0,0.0,0.0,0.0,1555.0,0.0,0.0,10.0,139.0,83.0,0.0,0.0,0.0,0.0,0.0,1.0,0.0,0.0,166.0,0.0,0.0,6.0,0.0,0.0,32.0,0.0,0.0,31.0,0.0,0.0,0.0,0.0,0.0,4.0,0.0,0.0,0.0,0.0,0.0,88.0,0.0,3.0,48.0,7.0
Les Îles-de-la-Madeleine,0.0,0.0,6.0,18.0,0.0,2.0,0.0,0.0,4.0,3.0,0.0,0.0,0.0,0.0,0.0,0.0,0.0,0.0,2.0,37.0,26.0,16.0,1.0,1.0,0.0,0.0,15.0,0.0,2.0,13.0,0.0,7.0,17.0,1.0,56.0,3297.0,0.0,0.0,0.0,914.0,0.0,57.0,22.0,225.0,0.0,0.0,7.0,0.0,0.0,6.0,0.0,0.0,0.0,0.0,0.0,0.0,4.0,0.0,0.0,0.0,0.0,3.0,1.0,0.0,13.0,0.0,1.0,0.0,4.0,7.0,30.0,0.0,7.0,39.0,126.0
Longueuil,0.0,0.0,0.0,0.0,2.0,9.0,375.0,25.0,0.0,16.0,0.0,0.0,3.0,0.0,1.0,2.0,1.0,2.0,5.0,0.0,12.0,23.0,4.0,0.0,0.0,0.0,0.0,0.0,2.0,22.0,0.0,1017.0,0.0,0.0,0.0,2929.0,0.0,2.0,3.0,250.0,3.0,3.0,5.0,0.0,0.0,1.0,10.0,1.0,0.0,12.0,0.0,8.0,0.0,0.0,0.0,0.0,1.0,0.0,0.0,0.0,1.0,5.0,0.0,0.0,22.0,33.0,0.0,0.0,0.0,0.0,11.0,0.0,7.0,204.0,8.0
Louiseville,0.0,0.0,0.0,0.0,3.0,0.0,0.0,0.0,5.0,0.0,0.0,0.0,0.0,0.0,0.0,0.0,0.0,0.0,21.0,0.0,70.0,23.0,12.0,0.0,0.0,10.0,2.0,0.0,10.0,3.0,0.0,11.0,0.0,0.0,0.0,1143.0,0.0,0.0,0.0,146.0,0.0,0.0,0.0,0.0,0.0,0.0,3.0,0.0,1.0,1.0,0.0,0.0,0.0,0.0,0.0,0.0,0.0,0.0,0.0,0.0,0.0,0.0,0.0,18.0,46.0,1.0,0.0,1.0,0.0,0.0,2873.0,0.0,72.0,133.0,17.0
Lévis,0.0,0.0,1.0,2.0,47.0,0.0,0.0,0.0,0.0,0.0,0.0,0.0,0.0,0.0,0.0,0.0,0.0,0.0,7.0,1.0,14.0,2.0,0.0,0.0,0.0,0.0,31.0,113.0,0.0,5.0,1.0,6.0,1031.0,1.0,1.0,1518.0,0.0,0.0,0.0,1733.0,1.0,4.0,9.0,4.0,0.0,0.0,5.0,0.0,0.0,44.0,0.0,0.0,1.0,0.0,0.0,1.0,2.0,1.0,0.0,16.0,0.0,0.0,0.0,3.0,14.0,0.0,0.0,14.0,1.0,0.0,7.0,0.0,1.0,386.0,55.0
Magog,0.0,0.0,0.0,2.0,4.0,0.0,0.0,1.0,0.0,0.0,0.0,0.0,0.0,0.0,22.0,0.0,11.0,0.0,8.0,0.0,23.0,75.0,0.0,0.0,0.0,0.0,5.0,0.0,0.0,5.0,0.0,0.0,27.0,1445.0,0.0,1125.0,0.0,0.0,0.0,175.0,0.0,0.0,1.0,1.0,0.0,2.0,5.0,0.0,1.0,3.0,0.0,0.0,0.0,0.0,0.0,0.0,0.0,0.0,0.0,0.0,0.0,0.0,0.0,1.0,1854.0,0.0,0.0,1.0,0.0,0.0,12.0,2.0,6.0,129.0,7.0
Maniwaki,0.0,0.0,0.0,0.0,0.0,0.0,0.0,0.0,0.0,0.0,0.0,0.0,0.0,0.0,0.0,0.0,0.0,0.0,6.0,0.0,1656.0,7.0,1.0,0.0,2.0,2.0,0.0,0.0,0.0,0.0,0.0,2.0,0.0,0.0,0.0,2043.0,0.0,12.0,2.0,215.0,0.0,0.0,0.0,3.0,0.0,0.0,11.0,0.0,0.0,1.0,0.0,0.0,0.0,16.0,0.0,0.0,0.0,3.0,0.0,0.0,0.0,0.0,0.0,0.0,18.0,0.0,0.0,0.0,0.0,0.0,23.0,6.0,1.0,309.0,4.0
Mansfield,0.0,0.0,0.0,0.0,1.0,0.0,13.0,19.0,0.0,7.0,0.0,0.0,0.0,0.0,0.0,0.0,0.0,0.0,2.0,0.0,264.0,2.0,0.0,0.0,0.0,0.0,0.0,0.0,0.0,0.0,0.0,9.0,0.0,0.0,0.0,1441.0,0.0,0.0,5.0,134.0,0.0,0.0,0.0,0.0,0.0,0.0,0.0,0.0,31.0,0.0,0.0,1.0,3.0,0.0,0.0,0.0,0.0,0.0,0.0,0.0,0.0,1.0,0.0,0.0,5.0,0.0,0.0,0.0,0.0,0.0,7.0,0.0,0.0,58.0,969.0
Marieville,0.0,0.0,0.0,0.0,0.0,11.0,12.0,0.0,0.0,1878.0,0.0,0.0,0.0,0.0,0.0,0.0,84.0,0.0,6.0,0.0,32.0,765.0,0.0,0.0,0.0,0.0,0.0,0.0,0.0,0.0,0.0,39.0,0.0,0.0,0.0,841.0,0.0,0.0,0.0,52.0,0.0,7.0,0.0,0.0,0.0,0.0,0.0,0.0,0.0,0.0,1.0,20.0,33.0,0.0,0.0,6.0,0.0,0.0,0.0,0.0,0.0,1.0,0.0,0.0,92.0,8.0,0.0,0.0,0.0,0.0,17.0,0.0,0.0,133.0,28.0
Matane,0.0,0.0,31.0,32.0,2.0,0.0,0.0,2.0,0.0,0.0,0.0,0.0,0.0,0.0,0.0,0.0,0.0,0.0,4.0,1.0,10.0,8.0,2.0,0.0,0.0,0.0,1.0,0.0,0.0,1.0,0.0,0.0,20.0,1.0,1662.0,1943.0,0.0,0.0,0.0,560.0,0.0,136.0,13.0,46.0,0.0,0.0,2.0,0.0,0.0,11.0,0.0,2.0,0.0,0.0,0.0,0.0,2.0,0.0,0.0,1.0,0.0,0.0,28.0,0.0,25.0,0.0,0.0,1.0,0.0,14.0,5.0,0.0,1.0,228.0,11.0
Mirabel,0.0,0.0,0.0,0.0,1.0,3.0,0.0,2.0,0.0,2.0,0.0,0.0,0.0,0.0,0.0,0.0,0.0,0.0,6.0,0.0,52.0,5.0,4.0,0.0,0.0,0.0,16.0,0.0,0.0,22.0,0.0,19.0,0.0,0.0,0.0,1866.0,0.0,83.0,10.0,223.0,0.0,0.0,0.0,0.0,0.0,0.0,2.0,0.0,665.0,2.0,0.0,6.0,1.0,325.0,0.0,0.0,0.0,86.0,2.0,0.0,900.0,0.0,0.0,0.0,7.0,0.0,0.0,1.0,0.0,0.0,11.0,0.0,1.0,165.0,213.0
Mont-Joli,0.0,0.0,19.0,2.0,0.0,0.0,0.0,0.0,0.0,0.0,0.0,0.0,0.0,0.0,0.0,0.0,0.0,0.0,0.0,7.0,43.0,22.0,0.0,0.0,0.0,0.0,0.0,65.0,0.0,2.0,0.0,7.0,0.0,0.0,254.0,1870.0,0.0,2.0,0.0,493.0,0.0,1161.0,39.0,118.0,0.0,0.0,17.0,0.0,0.0,0.0,0.0,0.0,3.0,0.0,0.0,0.0,0.0,1.0,0.0,0.0,0.0,0.0,1.0,0.0,62.0,0.0,0.0,0.0,0.0,20.0,9.0,0.0,0.0,306.0,207.0
Mont-Laurier,0.0,12.0,0.0,0.0,0.0,15.0,10.0,2.0,0.0,0.0,0.0,0.0,2.0,0.0,0.0,0.0,0.0,0.0,4.0,1.0,285.0,38.0,12.0,0.0,0.0,28.0,11.0,0.0,0.0,14.0,0.0,9.0,0.0,0.0,0.0,2583.0,0.0,277.0,0.0,452.0,0.0,0.0,10.0,11.0,0.0,1.0,3.0,0.0,21.0,1.0,0.0,0.0,0.0,59.0,0.0,0.0,0.0,43.0,0.0,0.0,64.0,0.0,1.0,1.0,100.0,1.0,4.0,0.0,0.0,0.0,54.0,2.0,3.0,306.0,27.0
Montmagny,0.0,0.0,0.0,0.0,70.0,0.0,2.0,0.0,0.0,0.0,0.0,0.0,0.0,0.0,0.0,0.0,0.0,0.0,11.0,0.0,34.0,9.0,1.0,0.0,0.0,0.0,41.0,229.0,5.0,0.0,0.0,4.0,411.0,0.0,2.0,1646.0,0.0,5.0,6.0,821.0,0.0,5.0,251.0,130.0,5.0,0.0,3.0,0.0,0.0,150.0,0.0,0.0,0.0,0.0,0.0,0.0,220.0,1.0,0.0,27.0,0.0,0.0,0.0,0.0,6.0,0.0,0.0,29.0,0.0,0.0,50.0,0.0,5.0,292.0,148.0
Montréal,0.0,0.0,0.0,1.0,2.0,1.0,12.0,2.0,0.0,1.0,0.0,0.0,5.0,0.0,1.0,0.0,1.0,0.0,2.0,0.0,13.0,16.0,2.0,0.0,0.0,0.0,30.0,0.0,3.0,17.0,0.0,9.0,2.0,0.0,3.0,4483.0,0.0,4.0,1.0,319.0,6.0,4.0,8.0,15.0,0.0,0.0,4.0,1.0,3.0,1.0,0.0,0.0,3.0,1.0,0.0,0.0,3.0,0.0,4.0,0.0,3.0,0.0,0.0,0.0,8.0,0.0,0.0,3.0,2.0,0.0,6.0,2.0,9.0,33.0,26.0
Montréal_V2,11.0,1.0,7.0,16.0,14.0,1.0,24.0,13.0,11.0,8.0,0.0,2.0,10.0,0.0,4.0,0.0,11.0,3.0,64.0,8.0,39.0,46.0,34.0,1.0,0.0,14.0,3.0,31.0,1.0,21.0,1.0,18.0,13.0,41.0,18.0,2468.0,0.0,10.0,3.0,631.0,10.0,27.0,28.0,41.0,6.0,0.0,36.0,1.0,11.0,22.0,1.0,4.0,4.0,2.0,3.0,2.0,10.0,6.0,3.0,5.0,19.0,16.0,33.0,4.0,55.0,17.0,5.0,30.0,2.0,3.0,89.0,2.0,70.0,47.0,746.0
New Richmond,0.0,0.0,4.0,0.0,0.0,0.0,0.0,0.0,0.0,0.0,0.0,0.0,0.0,0.0,0.0,0.0,0.0,0.0,11.0,20.0,52.0,11.0,0.0,0.0,0.0,0.0,0.0,0.0,0.0,1.0,0.0,0.0,0.0,0.0,25.0,2221.0,33.0,0.0,0.0,858.0,0.0,38.0,1.0,501.0,0.0,0.0,3.0,0.0,0.0,0.0,0.0,0.0,0.0,9.0,0.0,0.0,0.0,0.0,0.0,0.0,0.0,0.0,0.0,0.0,27.0,0.0,0.0,0.0,0.0,0.0,18.0,0.0,3.0,151.0,83.0
Nicolet,0.0,0.0,0.0,0.0,0.0,0.0,3.0,0.0,0.0,1.0,0.0,0.0,0.0,0.0,0.0,0.0,0.0,0.0,69.0,0.0,20.0,8.0,9.0,0.0,0.0,3.0,25.0,0.0,2.0,6.0,0.0,12.0,0.0,10.0,0.0,1258.0,0.0,0.0,1.0,86.0,0.0,3.0,3.0,0.0,0.0,0.0,1.0,0.0,0.0,15.0,0.0,0.0,2.0,0.0,0.0,0.0,0.0,1.0,0.0,0.0,0.0,0.0,0.0,3.0,25.0,128.0,0.0,0.0,0.0,0.0,2678.0,0.0,210.0,106.0,87.0
Notre-Dame-du-Mont-Carmel,0.0,0.0,0.0,0.0,0.0,0.0,0.0,0.0,2.0,0.0,0.0,0.0,0.0,0.0,0.0,0.0,0.0,0.0,1.0,0.0,36.0,17.0,0.0,0.0,0.0,4.0,0.0,0.0,0.0,0.0,0.0,1.0,0.0,65.0,0.0,650.0,0.0,0.0,0.0,105.0,0.0,0.0,25.0,13.0,0.0,0.0,8.0,0.0,0.0,0.0,0.0,208.0,13.0,0.0,0.0,0.0,3.0,0.0,0.0,0.0,0.0,0.0,0.0,411.0,197.0,3.0,0.0,0.0,0.0,0.0,2667.0,0.0,29.0,60.0,232.0
Ormstown,0.0,0.0,0.0,0.0,0.0,0.0,0.0,36.0,0.0,17.0,0.0,0.0,56.0,0.0,0.0,0.0,30.0,0.0,0.0,0.0,73.0,56.0,0.0,0.0,0.0,0.0,0.0,0.0,0.0,0.0,0.0,51.0,0.0,0.0,0.0,1274.0,0.0,0.0,0.0,74.0,0.0,0.0,0.0,0.0,0.0,0.0,0.0,0.0,0.0,0.0,0.0,128.0,0.0,0.0,5.0,0.0,0.0,0.0,0.0,0.0,0.0,668.0,0.0,0.0,53.0,6.0,596.0,0.0,0.0,0.0,34.0,0.0,1.0,70.0,6.0
Plessisville,1.0,0.0,0.0,0.0,5.0,0.0,4.0,0.0,0.0,0.0,0.0,0.0,0.0,0.0,0.0,0.0,0.0,0.0,32.0,0.0,1.0,9.0,0.0,1.0,0.0,5.0,0.0,5.0,1.0,3.0,0.0,12.0,9.0,0.0,0.0,488.0,0.0,0.0,86.0,80.0,0.0,0.0,0.0,0.0,0.0,0.0,2.0,0.0,0.0,7.0,0.0,0.0,0.0,0.0,1.0,0.0,0.0,0.0,0.0,2.0,0.0,0.0,0.0,0.0,13.0,4.0,0.0,33.0,0.0,0.0,156.0,0.0,3353.0,124.0,11.0
Québec,4.0,0.0,2.0,10.0,14.0,2.0,6.0,2.0,1.0,2.0,0.0,1.0,2.0,0.0,6.0,0.0,4.0,0.0,40.0,7.0,28.0,24.0,12.0,2.0,0.0,10.0,11.0,12.0,1.0,14.0,1.0,11.0,50.0,6.0,14.0,2726.0,0.0,7.0,7.0,1562.0,7.0,20.0,38.0,19.0,6.0,1.0,21.0,0.0,7.0,17.0,0.0,3.0,11.0,0.0,1.0,5.0,3.0,1.0,3.0,9.0,3.0,3.0,12.0,6.0,39.0,1.0,2.0,11.0,4.0,1.0,48.0,4.0,46.0,87.0,18.0
Rawdon,0.0,0.0,0.0,0.0,0.0,0.0,0.0,0.0,0.0,0.0,0.0,0.0,0.0,0.0,0.0,0.0,0.0,0.0,2.0,0.0,3.0,1.0,1200.0,0.0,0.0,0.0,0.0,0.0,153.0,18.0,0.0,3.0,0.0,0.0,1.0,1822.0,0.0,5.0,0.0,144.0,23.0,0.0,0.0,0.0,0.0,0.0,0.0,0.0,2.0,292.0,0.0,0.0,0.0,18.0,0.0,78.0,0.0,0.0,76.0,0.0,6.0,0.0,0.0,0.0,24.0,0.0,0.0,0.0,0.0,0.0,14.0,0.0,0.0,85.0,48.0
Repentigny,0.0,0.0,0.0,0.0,0.0,0.0,11.0,0.0,0.0,1.0,0.0,0.0,0.0,0.0,0.0,0.0,0.0,0.0,10.0,0.0,21.0,2.0,381.0,0.0,0.0,0.0,0.0,0.0,14.0,1.0,0.0,1.0,22.0,0.0,0.0,2774.0,0.0,4.0,0.0,218.0,929.0,1.0,0.0,0.0,0.0,1.0,8.0,0.0,6.0,140.0,0.0,6.0,0.0,0.0,0.0,26.0,1.0,0.0,29.0,0.0,24.0,0.0,0.0,0.0,13.0,4.0,0.0,6.0,0.0,0.0,7.0,0.0,3.0,74.0,29.0
Rimouski,0.0,0.0,11.0,9.0,16.0,0.0,0.0,0.0,1.0,0.0,0.0,0.0,0.0,0.0,0.0,0.0,0.0,0.0,8.0,10.0,13.0,2.0,0.0,0.0,0.0,0.0,8.0,0.0,0.0,4.0,2.0,0.0,81.0,0.0,114.0,2201.0,0.0,1.0,0.0,724.0,2.0,1120.0,287.0,62.0,0.0,1.0,13.0,0.0,0.0,12.0,0.0,0.0,0.0,0.0,0.0,0.0,16.0,0.0,0.0,0.0,0.0,1.0,0.0,4.0,12.0,0.0,0.0,1.0,1.0,84.0,10.0,1.0,7.0,241.0,37.0
Rivière-du-Loup,0.0,0.0,3.0,0.0,36.0,0.0,6.0,0.0,0.0,0.0,0.0,0.0,0.0,0.0,0.0,0.0,0.0,0.0,3.0,2.0,16.0,4.0,4.0,1.0,0.0,0.0,0.0,4.0,0.0,2.0,0.0,2.0,18.0,2.0,11.0,1702.0,0.0,5.0,0.0,598.0,0.0,109.0,1504.0,591.0,0.0,2.0,7.0,0.0,0.0,15.0,0.0,6.0,0.0,0.0,0.0,0.0,89.0,0.0,0.0,1.0,0.0,0.0,0.0,0.0,36.0,3.0,0.0,2.0,0.0,50.0,86.0,1.0,0.0,80.0,24.0
Rouyn-Noranda,0.0,16.0,0.0,1.0,2.0,0.0,0.0,0.0,0.0,0.0,0.0,2.0,0.0,0.0,0.0,0.0,0.0,0.0,10.0,0.0,12.0,6.0,0.0,0.0,0.0,0.0,8.0,0.0,0.0,6.0,0.0,12.0,3.0,0.0,2.0,4042.0,0.0,4.0,0.0,94.0,1.0,1.0,3.0,2.0,0.0,144.0,3.0,0.0,0.0,0.0,0.0,0.0,0.0,0.0,0.0,1.0,0.0,3.0,0.0,0.0,1.0,0.0,0.0,0.0,6.0,0.0,0.0,1.0,0.0,0.0,5.0,172.0,8.0,219.0,138.0
Saguenay,70.0,0.0,0.0,25.0,12.0,0.0,1.0,0.0,0.0,0.0,0.0,0.0,0.0,0.0,0.0,0.0,0.0,5.0,1.0,1.0,13.0,6.0,1.0,52.0,0.0,4.0,0.0,0.0,0.0,0.0,0.0,6.0,2.0,0.0,2.0,2716.0,0.0,0.0,0.0,648.0,0.0,1.0,6.0,7.0,21.0,0.0,1171.0,0.0,0.0,5.0,1.0,0.0,0.0,0.0,2.0,0.0,0.0,0.0,1.0,0.0,0.0,1.0,14.0,2.0,10.0,0.0,0.0,0.0,0.0,1.0,10.0,0.0,4.0,60.0,9.0
Saint-André-Avellin,0.0,0.0,0.0,0.0,0.0,0.0,0.0,0.0,0.0,0.0,0.0,0.0,0.0,2.0,0.0,0.0,0.0,0.0,29.0,0.0,2177.0,23.0,0.0,0.0,0.0,0.0,0.0,0.0,0.0,0.0,0.0,0.0,0.0,0.0,0.0,1048.0,0.0,0.0,0.0,332.0,0.0,0.0,0.0,0.0,0.0,0.0,5.0,0.0,0.0,0.0,0.0,0.0,0.0,4.0,0.0,0.0,0.0,0.0,0.0,0.0,1.0,0.0,0.0,0.0,68.0,0.0,2.0,0.0,0.0,0.0,59.0,0.0,0.0,220.0,22.0
Saint-Apollinaire,0.0,0.0,0.0,0.0,16.0,0.0,0.0,3.0,2.0,0.0,0.0,0.0,2.0,0.0,0.0,0.0,0.0,0.0,10.0,0.0,43.0,29.0,0.0,0.0,0.0,0.0,0.0,0.0,0.0,0.0,0.0,0.0,1400.0,0.0,0.0,874.0,0.0,0.0,0.0,646.0,0.0,0.0,0.0,0.0,0.0,0.0,7.0,0.0,0.0,3.0,0.0,0.0,0.0,0.0,0.0,0.0,0.0,0.0,0.0,2.0,0.0,0.0,0.0,0.0,39.0,0.0,0.0,5.0,0.0,0.0,25.0,0.0,4.0,99.0,1323.0
Saint-Eustache,0.0,0.0,0.0,0.0,0.0,0.0,0.0,3.0,1.0,0.0,0.0,0.0,0.0,0.0,0.0,0.0,0.0,0.0,0.0,0.0,30.0,38.0,0.0,0.0,0.0,0.0,0.0,0.0,0.0,45.0,0.0,8.0,48.0,2.0,4.0,1646.0,0.0,42.0,1.0,131.0,2.0,3.0,1.0,2.0,0.0,3.0,50.0,0.0,1915.0,0.0,0.0,0.0,4.0,11.0,0.0,3.0,2.0,13.0,0.0,0.0,227.0,0.0,0.0,0.0,34.0,18.0,0.0,0.0,3.0,0.0,48.0,8.0,8.0,211.0,228.0
Saint-Félicien,39.0,0.0,0.0,3.0,0.0,1.0,0.0,0.0,1.0,0.0,0.0,2.0,0.0,0.0,1.0,0.0,0.0,128.0,0.0,0.0,10.0,12.0,5.0,35.0,0.0,0.0,5.0,0.0,0.0,0.0,0.0,11.0,0.0,0.0,0.0,1209.0,0.0,0.0,0.0,425.0,0.0,0.0,0.0,2.0,821.0,0.0,1863.0,0.0,0.0,0.0,0.0,0.0,0.0,0.0,0.0,0.0,4.0,0.0,0.0,0.0,0.0,2.0,0.0,0.0,26.0,0.0,0.0,0.0,0.0,0.0,16.0,0.0,0.0,186.0,86.0
Saint-Georges,1.0,0.0,1.0,17.0,715.0,9.0,0.0,1.0,2.0,0.0,0.0,4.0,0.0,0.0,0.0,0.0,0.0,0.0,27.0,1.0,5.0,13.0,7.0,0.0,0.0,0.0,8.0,64.0,2.0,10.0,2.0,8.0,162.0,0.0,32.0,938.0,0.0,2.0,0.0,408.0,0.0,7.0,16.0,2.0,0.0,0.0,11.0,0.0,0.0,1113.0,0.0,66.0,31.0,0.0,0.0,8.0,0.0,4.0,4.0,78.0,2.0,0.0,0.0,25.0,26.0,2.0,0.0,24.0,0.0,0.0,39.0,0.0,20.0,161.0,942.0
Saint-Henri,140.0,0.0,0.0,1.0,27.0,1.0,2.0,10.0,4.0,1.0,0.0,0.0,0.0,0.0,5.0,0.0,0.0,0.0,13.0,0.0,15.0,10.0,3.0,11.0,0.0,0.0,16.0,291.0,0.0,6.0,0.0,6.0,271.0,0.0,46.0,1925.0,0.0,9.0,2.0,645.0,0.0,0.0,30.0,4.0,2.0,0.0,298.0,0.0,7.0,12.0,0.0,0.0,1.0,4.0,0.0,0.0,0.0,4.0,3.0,17.0,0.0,2.0,3.0,0.0,21.0,8.0,0.0,25.0,1.0,1.0,28.0,0.0,70.0,251.0,659.0
Saint-Honoré,7.0,0.0,2.0,3.0,141.0,7.0,34.0,18.0,1.0,0.0,0.0,0.0,8.0,0.0,2.0,0.0,5.0,7.0,19.0,0.0,17.0,80.0,1.0,22.0,0.0,4.0,1.0,2.0,4.0,19.0,0.0,19.0,26.0,6.0,39.0,1163.0,0.0,0.0,3.0,279.0,0.0,43.0,101.0,70.0,0.0,0.0,1286.0,3.0,5.0,146.0,0.0,7.0,2.0,0.0,0.0,5.0,3.0,0.0,0.0,1.0,4.0,10.0,0.0,5.0,30.0,13.0,2.0,2.0,0.0,3.0,68.0,0.0,30.0,218.0,844.0
Saint-Hyacinthe,0.0,0.0,0.0,0.0,2.0,30.0,107.0,6.0,0.0,9.0,0.0,0.0,3.0,0.0,0.0,2.0,23.0,0.0,54.0,0.0,28.0,383.0,4.0,0.0,0.0,0.0,33.0,1.0,1.0,21.0,1.0,103.0,32.0,4.0,9.0,2850.0,0.0,4.0,1.0,274.0,0.0,7.0,21.0,18.0,0.0,2.0,28.0,2.0,0.0,10.0,31.0,3.0,0.0,0.0,13.0,0.0,30.0,4.0,0.0,2.0,1.0,2.0,0.0,7.0,50.0,52.0,0.0,14.0,0.0,0.0,82.0,2.0,14.0,435.0,91.0
Saint-Jean-sur-Richelieu,0.0,0.0,0.0,0.0,15.0,40.0,16.0,4.0,0.0,132.0,0.0,0.0,1.0,0.0,23.0,0.0,88.0,0.0,8.0,0.0,7.0,101.0,5.0,0.0,0.0,73.0,0.0,110.0,0.0,17.0,0.0,21.0,0.0,70.0,0.0,2063.0,0.0,2.0,1.0,113.0,0.0,0.0,15.0,0.0,0.0,1.0,11.0,0.0,1.0,209.0,0.0,223.0,1032.0,0.0,0.0,0.0,1.0,0.0,0.0,62.0,1.0,2.0,0.0,50.0,16.0,19.0,0.0,70.0,0.0,0.0,141.0,1.0,12.0,222.0,20.0
Saint-Jérôme,6.0,0.0,1.0,0.0,4.0,3.0,10.0,6.0,0.0,3.0,0.0,0.0,0.0,0.0,0.0,0.0,6.0,0.0,18.0,0.0,9.0,33.0,10.0,0.0,0.0,0.0,17.0,1.0,1.0,4.0,0.0,2.0,17.0,0.0,208.0,2079.0,0.0,301.0,2.0,285.0,1.0,1.0,4.0,9.0,0.0,0.0,12.0,0.0,51.0,8.0,0.0,0.0,4.0,609.0,0.0,8.0,4.0,514.0,1.0,0.0,59.0,2.0,1.0,0.0,35.0,9.0,0.0,2.0,0.0,0.0,12.0,0.0,7.0,196.0,338.0
Saint-Lin-Laurentides,0.0,0.0,0.0,0.0,0.0,0.0,26.0,0.0,0.0,0.0,0.0,0.0,0.0,0.0,0.0,0.0,5.0,0.0,4.0,0.0,59.0,3.0,246.0,0.0,0.0,0.0,0.0,0.0,110.0,6.0,0.0,11.0,0.0,0.0,0.0,1269.0,0.0,5.0,1.0,89.0,7.0,0.0,0.0,0.0,0.0,0.0,14.0,0.0,0.0,43.0,0.0,0.0,1.0,24.0,0.0,1678.0,0.0,2.0,673.0,0.0,6.0,0.0,0.0,0.0,11.0,0.0,0.0,0.0,0.0,0.0,18.0,0.0,14.0,105.0,28.0
Saint-Pierre-de-l'Île-d'Orléans,0.0,0.0,0.0,0.0,0.0,0.0,0.0,0.0,0.0,0.0,0.0,0.0,0.0,0.0,0.0,0.0,0.0,0.0,0.0,0.0,6.0,8.0,0.0,0.0,0.0,0.0,7.0,0.0,0.0,0.0,0.0,4.0,0.0,0.0,0.0,460.0,0.0,0.0,0.0,1369.0,0.0,0.0,0.0,0.0,0.0,0.0,2.0,0.0,0.0,0.0,0.0,0.0,0.0,0.0,0.0,0.0,0.0,0.0,0.0,0.0,0.0,0.0,0.0,0.0,33.0,0.0,0.0,0.0,0.0,0.0,6.0,0.0,0.0,188.0,32.0
Saint-Raymond,0.0,0.0,4.0,0.0,7.0,2.0,2.0,5.0,3.0,0.0,0.0,0.0,0.0,0.0,0.0,0.0,7.0,0.0,8.0,0.0,216.0,34.0,17.0,3.0,0.0,3.0,7.0,1.0,5.0,4.0,0.0,13.0,32.0,0.0,11.0,1546.0,0.0,5.0,0.0,1532.0,1.0,3.0,15.0,3.0,0.0,0.0,66.0,0.0,16.0,3.0,0.0,22.0,9.0,8.0,0.0,0.0,0.0,5.0,0.0,0.0,0.0,3.0,2.0,1.0,51.0,4.0,0.0,18.0,0.0,0.0,72.0,0.0,44.0,364.0,302.0
Saint-Rémi,2.0,0.0,4.0,0.0,2.0,1.0,0.0,110.0,1.0,0.0,0.0,0.0,10.0,0.0,0.0,0.0,0.0,6.0,8.0,0.0,31.0,25.0,3.0,0.0,0.0,1.0,1.0,3.0,0.0,1.0,0.0,15.0,15.0,3.0,25.0,739.0,0.0,0.0,5.0,425.0,0.0,18.0,8.0,12.0,18.0,0.0,31.0,0.0,0.0,8.0,0.0,766.0,0.0,9.0,0.0,0.0,3.0,0.0,0.0,0.0,1.0,22.0,0.0,5.0,311.0,2.0,42.0,0.0,11.0,1.0,16.0,0.0,174.0,213.0,1349.0
Saint-Tite,0.0,0.0,0.0,4.0,5.0,0.0,0.0,4.0,0.0,1.0,0.0,0.0,1.0,0.0,0.0,0.0,13.0,0.0,35.0,0.0,45.0,52.0,0.0,0.0,0.0,5.0,7.0,4.0,0.0,3.0,4.0,5.0,1.0,5.0,1.0,1221.0,0.0,3.0,0.0,510.0,0.0,2.0,9.0,3.0,1.0,0.0,13.0,0.0,3.0,3.0,0.0,0.0,1.0,0.0,0.0,0.0,0.0,0.0,0.0,2.0,1.0,11.0,0.0,135.0,58.0,0.0,0.0,0.0,0.0,2.0,1891.0,0.0,100.0,103.0,138.0
Sainte-Adèle,0.0,0.0,0.0,0.0,0.0,0.0,0.0,1.0,0.0,0.0,0.0,0.0,0.0,0.0,0.0,0.0,0.0,0.0,0.0,0.0,1.0,3.0,7.0,0.0,0.0,0.0,0.0,0.0,0.0,1.0,0.0,0.0,0.0,0.0,4.0,1808.0,0.0,1911.0,0.0,267.0,0.0,2.0,0.0,0.0,0.0,0.0,1.0,0.0,5.0,15.0,0.0,0.0,19.0,55.0,0.0,0.0,0.0,58.0,0.0,0.0,6.0,0.0,0.0,0.0,2.0,4.0,0.0,2.0,0.0,0.0,2.0,1.0,0.0,55.0,133.0
Sainte-Agathe-des-Monts,0.0,0.0,0.0,0.0,0.0,5.0,4.0,0.0,0.0,0.0,0.0,0.0,0.0,0.0,0.0,0.0,1.0,0.0,3.0,0.0,22.0,5.0,0.0,0.0,0.0,0.0,0.0,6.0,0.0,21.0,0.0,2.0,0.0,0.0,0.0,2152.0,0.0,663.0,2.0,418.0,1.0,1.0,0.0,2.0,0.0,0.0,7.0,0.0,83.0,5.0,0.0,0.0,1.0,107.0,0.0,0.0,0.0,62.0,0.0,0.0,170.0,1.0,0.0,0.0,34.0,0.0,0.0,1.0,0.0,0.0,21.0,1.0,3.0,80.0,266.0
Sainte-Anne-des-Monts,0.0,0.0,1.0,7.0,0.0,7.0,0.0,0.0,0.0,0.0,0.0,0.0,0.0,0.0,0.0,0.0,0.0,0.0,2.0,53.0,87.0,14.0,2.0,0.0,0.0,0.0,0.0,0.0,0.0,0.0,0.0,0.0,0.0,0.0,936.0,2045.0,0.0,25.0,0.0,877.0,0.0,39.0,6.0,195.0,0.0,0.0,12.0,0.0,16.0,0.0,0.0,0.0,0.0,0.0,0.0,0.0,2.0,5.0,0.0,0.0,28.0,0.0,0.0,3.0,58.0,0.0,0.0,3.0,0.0,5.0,72.0,0.0,0.0,40.0,78.0
Sainte-Julie,0.0,0.0,0.0,3.0,5.0,22.0,1569.0,10.0,2.0,13.0,0.0,0.0,0.0,0.0,0.0,0.0,2.0,0.0,28.0,3.0,25.0,86.0,14.0,0.0,0.0,0.0,3.0,18.0,2.0,30.0,1.0,141.0,13.0,2.0,9.0,1428.0,0.0,8.0,1.0,324.0,0.0,20.0,3.0,4.0,2.0,0.0,68.0,5.0,7.0,5.0,0.0,7.0,8.0,1.0,0.0,2.0,0.0,2.0,3.0,7.0,15.0,1.0,1.0,3.0,29.0,11.0,0.0,1.0,0.0,0.0,73.0,0.0,29.0,238.0,196.0
Sainte-Marie,0.0,0.0,4.0,1.0,322.0,0.0,23.0,12.0,9.0,11.0,0.0,2.0,1.0,0.0,2.0,0.0,3.0,13.0,11.0,0.0,11.0,37.0,91.0,0.0,0.0,2.0,0.0,25.0,20.0,5.0,0.0,7.0,137.0,4.0,22.0,1680.0,0.0,7.0,1.0,455.0,0.0,16.0,23.0,7.0,5.0,1.0,10.0,0.0,1.0,177.0,1.0,11.0,2.0,0.0,0.0,21.0,9.0,0.0,27.0,383.0,14.0,2.0,1.0,13.0,39.0,5.0,2.0,25.0,7.0,1.0,96.0,1.0,55.0,204.0,902.0
Salaberry-de-Valleyfield,0.0,0.0,0.0,0.0,6.0,0.0,19.0,9.0,0.0,0.0,0.0,0.0,73.0,0.0,0.0,0.0,0.0,0.0,0.0,0.0,12.0,16.0,2.0,0.0,0.0,0.0,24.0,0.0,1.0,9.0,0.0,7.0,0.0,0.0,0.0,1623.0,0.0,0.0,0.0,149.0,0.0,0.0,0.0,0.0,0.0,0.0,8.0,0.0,0.0,2.0,0.0,18.0,2.0,0.0,0.0,0.0,0.0,0.0,0.0,0.0,0.0,1389.0,0.0,0.0,56.0,0.0,929.0,0.0,0.0,0.0,7.0,0.0,4.0,253.0,5.0
Sept-Îles,0.0,0.0,0.0,190.0,0.0,0.0,0.0,0.0,1.0,0.0,0.0,0.0,0.0,0.0,0.0,0.0,0.0,0.0,4.0,1.0,12.0,4.0,0.0,0.0,0.0,0.0,0.0,0.0,0.0,17.0,9.0,3.0,9.0,0.0,9.0,2348.0,0.0,0.0,3.0,685.0,0.0,5.0,0.0,3.0,0.0,4.0,9.0,0.0,4.0,0.0,0.0,0.0,0.0,0.0,0.0,0.0,0.0,0.0,0.0,1.0,0.0,2.0,1212.0,0.0,7.0,1.0,0.0,0.0,1.0,0.0,3.0,0.0,7.0,166.0,300.0
Shawinigan,0.0,0.0,0.0,4.0,0.0,0.0,2.0,0.0,1.0,0.0,0.0,0.0,1.0,0.0,0.0,0.0,0.0,0.0,22.0,0.0,26.0,21.0,4.0,0.0,0.0,47.0,6.0,0.0,0.0,0.0,0.0,2.0,8.0,0.0,0.0,1392.0,0.0,0.0,0.0,243.0,0.0,3.0,2.0,0.0,0.0,2.0,27.0,0.0,2.0,0.0,0.0,1.0,0.0,0.0,0.0,4.0,2.0,0.0,1.0,0.0,0.0,0.0,0.0,696.0,50.0,2.0,0.0,3.0,0.0,0.0,2014.0,0.0,61.0,189.0,77.0
Sherbrooke,0.0,0.0,0.0,1.0,4.0,1.0,5.0,0.0,0.0,1.0,0.0,0.0,0.0,0.0,21.0,0.0,19.0,0.0,6.0,3.0,18.0,62.0,10.0,0.0,1.0,0.0,3.0,0.0,1.0,1.0,0.0,6.0,1.0,82.0,1.0,2376.0,0.0,6.0,1.0,124.0,1.0,1.0,0.0,0.0,0.0,0.0,11.0,0.0,0.0,2.0,0.0,0.0,0.0,0.0,6.0,0.0,0.0,1.0,2.0,2.0,0.0,1.0,0.0,1.0,2180.0,0.0,0.0,5.0,1.0,1.0,14.0,0.0,20.0,46.0,7.0
Sorel-Tracy,0.0,0.0,0.0,0.0,113.0,4.0,87.0,1.0,0.0,3.0,0.0,0.0,2.0,0.0,0.0,0.0,0.0,0.0,5.0,0.0,8.0,15.0,18.0,1.0,2.0,0.0,0.0,0.0,0.0,14.0,0.0,11.0,56.0,0.0,0.0,1240.0,0.0,0.0,1.0,215.0,0.0,0.0,101.0,11.0,0.0,0.0,12.0,0.0,0.0,18.0,4.0,0.0,0.0,0.0,0.0,0.0,0.0,0.0,0.0,0.0,0.0,1.0,1.0,0.0,23.0,2592.0,0.0,8.0,0.0,0.0,48.0,0.0,2.0,186.0,12.0
Stoneham,10.0,0.0,0.0,0.0,4.0,0.0,0.0,0.0,0.0,0.0,0.0,0.0,0.0,0.0,0.0,0.0,0.0,0.0,4.0,0.0,73.0,20.0,0.0,4.0,0.0,0.0,9.0,0.0,0.0,5.0,3.0,0.0,1.0,0.0,0.0,1711.0,0.0,0.0,0.0,2200.0,0.0,0.0,0.0,0.0,0.0,0.0,67.0,0.0,0.0,1.0,0.0,0.0,1.0,4.0,0.0,0.0,0.0,0.0,0.0,1.0,0.0,0.0,0.0,0.0,43.0,0.0,0.0,2.0,0.0,0.0,15.0,0.0,0.0,145.0,52.0
Terrebonne,1.0,0.0,0.0,0.0,0.0,0.0,0.0,1.0,0.0,0.0,0.0,0.0,0.0,0.0,0.0,0.0,0.0,0.0,11.0,0.0,17.0,5.0,669.0,0.0,0.0,0.0,1.0,0.0,22.0,48.0,0.0,3.0,8.0,3.0,0.0,2788.0,0.0,8.0,17.0,285.0,205.0,5.0,7.0,0.0,0.0,0.0,8.0,0.0,8.0,117.0,0.0,0.0,1.0,8.0,0.0,124.0,1.0,1.0,44.0,0.0,44.0,1.0,0.0,1.0,14.0,2.0,0.0,0.0,0.0,0.0,16.0,0.0,1.0,139.0,3.0
Thetford Mines,0.0,0.0,0.0,0.0,69.0,0.0,4.0,0.0,4.0,0.0,0.0,0.0,0.0,0.0,1.0,0.0,0.0,0.0,10.0,0.0,21.0,16.0,0.0,0.0,0.0,0.0,0.0,2.0,0.0,0.0,0.0,1.0,208.0,5.0,0.0,1048.0,0.0,1.0,2.0,706.0,0.0,0.0,4.0,2.0,0.0,0.0,13.0,0.0,1.0,60.0,0.0,0.0,0.0,0.0,0.0,0.0,0.0,0.0,0.0,11.0,0.0,0.0,0.0,1.0,51.0,4.0,0.0,2215.0,0.0,0.0,33.0,0.0,102.0,193.0,4.0
Trois-Pistoles,0.0,0.0,3.0,8.0,0.0,0.0,2.0,0.0,1.0,0.0,0.0,0.0,0.0,0.0,0.0,0.0,11.0,0.0,24.0,0.0,7.0,6.0,0.0,0.0,0.0,0.0,0.0,17.0,0.0,0.0,0.0,0.0,3.0,0.0,46.0,1757.0,0.0,0.0,0.0,369.0,0.0,202.0,961.0,645.0,0.0,0.0,4.0,0.0,0.0,0.0,0.0,8.0,0.0,0.0,0.0,0.0,3.0,0.0,0.0,0.0,0.0,0.0,3.0,0.0,5.0,0.0,0.0,0.0,0.0,255.0,80.0,0.0,0.0,182.0,27.0
Trois-Rivières,14.0,0.0,1.0,1.0,17.0,1.0,2.0,2.0,2.0,0.0,0.0,0.0,0.0,0.0,0.0,0.0,20.0,1.0,21.0,1.0,15.0,6.0,3.0,0.0,0.0,26.0,3.0,8.0,2.0,4.0,0.0,0.0,32.0,3.0,13.0,2020.0,0.0,5.0,5.0,278.0,1.0,10.0,76.0,42.0,11.0,0.0,22.0,0.0,1.0,6.0,1.0,4.0,3.0,3.0,1.0,1.0,5.0,7.0,2.0,7.0,2.0,2.0,3.0,17.0,24.0,6.0,0.0,9.0,2.0,3.0,1975.0,0.0,41.0,151.0,168.0
Témiscouata-sur-le-Lac,0.0,0.0,4.0,0.0,1.0,0.0,0.0,0.0,1.0,0.0,0.0,0.0,0.0,0.0,0.0,0.0,0.0,0.0,0.0,0.0,19.0,16.0,0.0,0.0,13.0,0.0,0.0,0.0,0.0,0.0,0.0,0.0,0.0,1.0,24.0,1770.0,0.0,0.0,0.0,390.0,0.0,35.0,1646.0,577.0,0.0,0.0,4.0,0.0,0.0,0.0,0.0,0.0,0.0,0.0,0.0,0.0,13.0,0.0,0.0,0.0,0.0,0.0,0.0,0.0,25.0,0.0,0.0,0.0,0.0,48.0,10.0,0.0,6.0,86.0,0.0
Val-d'Or,0.0,25.0,0.0,0.0,2.0,0.0,0.0,0.0,0.0,0.0,0.0,27.0,0.0,0.0,0.0,0.0,0.0,0.0,5.0,1.0,34.0,12.0,0.0,3.0,0.0,0.0,8.0,0.0,0.0,1.0,0.0,6.0,5.0,1.0,0.0,4091.0,0.0,6.0,18.0,206.0,0.0,3.0,5.0,2.0,0.0,47.0,19.0,0.0,1.0,0.0,0.0,0.0,0.0,0.0,0.0,0.0,0.0,0.0,0.0,0.0,1.0,0.0,0.0,0.0,30.0,0.0,0.0,1.0,0.0,1.0,15.0,261.0,11.0,133.0,34.0
Val-des-Monts,0.0,0.0,6.0,0.0,0.0,0.0,0.0,0.0,0.0,0.0,0.0,0.0,0.0,0.0,0.0,0.0,0.0,0.0,0.0,0.0,1851.0,27.0,7.0,0.0,0.0,0.0,0.0,0.0,0.0,0.0,0.0,3.0,0.0,0.0,78.0,1845.0,0.0,43.0,0.0,281.0,0.0,5.0,0.0,8.0,0.0,0.0,11.0,0.0,0.0,2.0,0.0,0.0,0.0,12.0,0.0,0.0,0.0,11.0,0.0,0.0,5.0,0.0,0.0,0.0,68.0,0.0,0.0,1.0,0.0,0.0,44.0,0.0,8.0,13.0,424.0
Val-des-Sources,0.0,0.0,0.0,0.0,1.0,0.0,0.0,0.0,0.0,4.0,0.0,0.0,0.0,0.0,4.0,0.0,18.0,3.0,7.0,1.0,146.0,119.0,1.0,0.0,0.0,0.0,4.0,0.0,0.0,6.0,0.0,3.0,0.0,6.0,0.0,1303.0,0.0,2.0,9.0,263.0,0.0,2.0,1.0,0.0,0.0,1.0,4.0,0.0,0.0,1.0,0.0,0.0,0.0,0.0,0.0,0.0,0.0,0.0,0.0,0.0,3.0,0.0,0.0,0.0,1908.0,1.0,0.0,13.0,2.0,0.0,25.0,4.0,407.0,78.0,655.0
Vaudreuil-Dorion,0.0,0.0,0.0,0.0,36.0,0.0,1.0,18.0,0.0,0.0,0.0,0.0,7.0,0.0,0.0,0.0,1.0,0.0,1.0,0.0,18.0,6.0,0.0,0.0,0.0,0.0,3.0,0.0,0.0,18.0,0.0,12.0,0.0,0.0,1.0,2151.0,0.0,0.0,4.0,123.0,0.0,0.0,38.0,7.0,2.0,0.0,7.0,0.0,0.0,32.0,0.0,9.0,0.0,0.0,0.0,0.0,0.0,0.0,0.0,0.0,0.0,250.0,0.0,0.0,7.0,0.0,738.0,0.0,0.0,0.0,2.0,0.0,0.0,119.0,3.0
Victoriaville,0.0,0.0,0.0,5.0,7.0,0.0,0.0,1.0,0.0,0.0,0.0,0.0,0.0,0.0,0.0,2.0,1.0,0.0,88.0,0.0,14.0,12.0,9.0,0.0,0.0,3.0,7.0,0.0,0.0,5.0,0.0,6.0,28.0,0.0,0.0,867.0,0.0,5.0,0.0,189.0,0.0,0.0,6.0,0.0,0.0,0.0,17.0,0.0,2.0,3.0,0.0,0.0,0.0,0.0,0.0,0.0,0.0,1.0,0.0,0.0,5.0,0.0,0.0,2.0,84.0,18.0,0.0,9.0,0.0,0.0,201.0,1.0,2831.0,115.0,59.0
Ville-Marie,0.0,0.0,1.0,4.0,10.0,0.0,13.0,2.0,2.0,3.0,0.0,1.0,3.0,0.0,0.0,0.0,5.0,1.0,11.0,1.0,14.0,30.0,6.0,0.0,0.0,11.0,0.0,9.0,0.0,7.0,0.0,5.0,69.0,6.0,12.0,3254.0,0.0,2.0,1.0,542.0,2.0,4.0,11.0,9.0,0.0,6.0,15.0,0.0,3.0,7.0,0.0,0.0,1.0,0.0,0.0,2.0,4.0,1.0,3.0,14.0,1.0,6.0,1.0,7.0,31.0,8.0,2.0,0.0,6.0,0.0,53.0,28.0,27.0,262.0,416.0
Windsor,0.0,0.0,0.0,0.0,106.0,0.0,0.0,1.0,5.0,2.0,0.0,0.0,0.0,0.0,9.0,0.0,7.0,0.0,15.0,0.0,14.0,47.0,0.0,0.0,2.0,0.0,6.0,0.0,0.0,16.0,0.0,0.0,0.0,5.0,0.0,2298.0,0.0,0.0,0.0,135.0,0.0,0.0,219.0,0.0,0.0,0.0,0.0,0.0,0.0,18.0,0.0,0.0,0.0,0.0,0.0,0.0,0.0,1.0,0.0,0.0,0.0,0.0,0.0,0.0,914.0,0.0,0.0,0.0,48.0,0.0,6.0,0.0,82.0,182.0,495.0
